Module_name	Module_type	General_category	Specific_category	Module_description
M00001	Pathway modules	Carbohydrate metabolism	Central carbohydrate metabolism	 Glycolysis (Embden-Meyerhof pathway), glucose => pyruvate [PATH:map00010 map01200 map01100]
M00002	Pathway modules	Carbohydrate metabolism	Central carbohydrate metabolism	 Glycolysis, core module involving three-carbon compounds [PATH:map00010 map01200 map01230 map01100]
M00003	Pathway modules	Carbohydrate metabolism	Central carbohydrate metabolism	 Gluconeogenesis, oxaloacetate => fructose-6P [PATH:map00010 map00020 map01100]
M00307	Pathway modules	Carbohydrate metabolism	Central carbohydrate metabolism	 Pyruvate oxidation, pyruvate => acetyl-CoA [PATH:map00010 map00020 map00620 map01200 map01100]
M00009	Pathway modules	Carbohydrate metabolism	Central carbohydrate metabolism	 Citrate cycle (TCA cycle, Krebs cycle) [PATH:map00020 map01200 map01100]
M00010	Pathway modules	Carbohydrate metabolism	Central carbohydrate metabolism	 Citrate cycle, first carbon oxidation, oxaloacetate => 2-oxoglutarate [PATH:map00020 map01200 map01210 map01230 map01100]
M00011	Pathway modules	Carbohydrate metabolism	Central carbohydrate metabolism	 Citrate cycle, second carbon oxidation, 2-oxoglutarate => oxaloacetate [PATH:map00020 map01200 map01100]
M00004	Pathway modules	Carbohydrate metabolism	Central carbohydrate metabolism	 Pentose phosphate pathway (Pentose phosphate cycle) [PATH:map00030 map01200 map01100 map01120]
M00006	Pathway modules	Carbohydrate metabolism	Central carbohydrate metabolism	 Pentose phosphate pathway, oxidative phase, glucose 6P => ribulose 5P [PATH:map00030 map01200 map01100 map01120]
M00007	Pathway modules	Carbohydrate metabolism	Central carbohydrate metabolism	 Pentose phosphate pathway, non-oxidative phase, fructose 6P => ribose 5P [PATH:map00030 map01200 map01230 map01100 map01120]
M00580	Pathway modules	Carbohydrate metabolism	Central carbohydrate metabolism	 Pentose phosphate pathway, archaea, fructose 6P => ribose 5P [PATH:map00030 map01200 map01230 map01100 map01120]
M00005	Pathway modules	Carbohydrate metabolism	Central carbohydrate metabolism	 PRPP biosynthesis, ribose 5P => PRPP [PATH:map00030 map00230 map01200 map01230 map01100]
M00008	Pathway modules	Carbohydrate metabolism	Central carbohydrate metabolism	 Entner-Doudoroff pathway, glucose-6P => glyceraldehyde-3P + pyruvate [PATH:map00030 map01200 map01100 map01120]
M00308	Pathway modules	Carbohydrate metabolism	Central carbohydrate metabolism	 Semi-phosphorylative Entner-Doudoroff pathway, gluconate => glycerate-3P [PATH:map00030 map01200 map01100 map01120]
M00633	Pathway modules	Carbohydrate metabolism	Central carbohydrate metabolism	 Semi-phosphorylative Entner-Doudoroff pathway, gluconate/galactonate => glycerate-3P [PATH:map00030 map00052 map01200 map01100]
M00309	Pathway modules	Carbohydrate metabolism	Central carbohydrate metabolism	 Non-phosphorylative Entner-Doudoroff pathway, gluconate/galactonate => glycerate [PATH:map00030 map00052 map01200 map01100 map01120]
M00014	Pathway modules	Carbohydrate metabolism	Other carbohydrate metabolism	 Glucuronate pathway (uronate pathway) [PATH:map00040 map01100]
M00630	Pathway modules	Carbohydrate metabolism	Other carbohydrate metabolism	 D-Galacturonate degradation (fungi), D-galacturonate => glycerol [PATH:map00040 map01100]
M00631	Pathway modules	Carbohydrate metabolism	Other carbohydrate metabolism	 D-Galacturonate degradation (bacteria), D-galacturonate => pyruvate + D-glyceraldehyde 3P [PATH:map00040 map00030 map01100]
M00061	Pathway modules	Carbohydrate metabolism	Other carbohydrate metabolism	 D-Glucuronate degradation, D-glucuronate => pyruvate + D-glyceraldehyde 3P [PATH:map00040 map00030 map01100]
M00081	Pathway modules	Carbohydrate metabolism	Other carbohydrate metabolism	 Pectin degradation [PATH:map00040 map01100]
M00632	Pathway modules	Carbohydrate metabolism	Other carbohydrate metabolism	 Galactose degradation, Leloir pathway, galactose => alpha-D-glucose-1P [PATH:map00052 map01100]
M00552	Pathway modules	Carbohydrate metabolism	Other carbohydrate metabolism	 D-galactonate degradation, De Ley-Doudoroff pathway, D-galactonate => glycerate-3P [PATH:map00052 map01100]
M00129	Pathway modules	Carbohydrate metabolism	Other carbohydrate metabolism	 Ascorbate biosynthesis, animals, glucose-1P => ascorbate [PATH:map00040 map00053 map01100]
M00114	Pathway modules	Carbohydrate metabolism	Other carbohydrate metabolism	 Ascorbate biosynthesis, plants, glucose-6P => ascorbate [PATH:map00010 map00051 map00053 map01100 map01110]
M00550	Pathway modules	Carbohydrate metabolism	Other carbohydrate metabolism	 Ascorbate degradation, ascorbate => D-xylulose-5P [PATH:map00053 map01100 map01120]
M00854	Pathway modules	Carbohydrate metabolism	Other carbohydrate metabolism	 Glycogen biosynthesis, glucose-1P => glycogen/starch [PATH:map00500 map01100]
M00855	Pathway modules	Carbohydrate metabolism	Other carbohydrate metabolism	 Glycogen degradation, glycogen => glucose-6P [PATH:map00500 map01100]
M00565	Pathway modules	Carbohydrate metabolism	Other carbohydrate metabolism	 Trehalose biosynthesis, D-glucose 1P => trehalose [PATH:map00500 map01100 map01110]
M00549	Pathway modules	Carbohydrate metabolism	Other carbohydrate metabolism	 Nucleotide sugar biosynthesis, glucose => UDP-glucose [PATH:map00520 map01100]
M00554	Pathway modules	Carbohydrate metabolism	Other carbohydrate metabolism	 Nucleotide sugar biosynthesis, galactose => UDP-galactose [PATH:map00520 map00052 map01100]
M00761	Pathway modules	Carbohydrate metabolism	Other carbohydrate metabolism	 Undecaprenylphosphate alpha-L-Ara4N biosynthesis, UDP-GlcA => undecaprenyl phosphate alpha-L-Ara4N [PATH:map00520 map01100]
M00012	Pathway modules	Carbohydrate metabolism	Other carbohydrate metabolism	 Glyoxylate cycle [PATH:map00630 map01200 map01100 map01110]
M00373	Pathway modules	Carbohydrate metabolism	Other carbohydrate metabolism	 Ethylmalonyl pathway [PATH:map00630 map01200 map01100 map01120]
M00740	Pathway modules	Carbohydrate metabolism	Other carbohydrate metabolism	 Methylaspartate cycle [PATH:map00020 map00250 map00630 map01200 map01100 map01120]
M00532	Pathway modules	Carbohydrate metabolism	Other carbohydrate metabolism	 Photorespiration [PATH:map00630 map01200 map01100 map01110]
M00013	Pathway modules	Carbohydrate metabolism	Other carbohydrate metabolism	 Malonate semialdehyde pathway, propanoyl-CoA => acetyl-CoA [PATH:map00410 map00640 map01200 map01100]
M00741	Pathway modules	Carbohydrate metabolism	Other carbohydrate metabolism	 Propanoyl-CoA metabolism, propanoyl-CoA => succinyl-CoA [PATH:map00280 map00630 map00640 map01200 map01100]
M00130	Pathway modules	Carbohydrate metabolism	Other carbohydrate metabolism	 Inositol phosphate metabolism, PI=> PIP2 => Ins(1,4,5)P3 => Ins(1,3,4,5)P4 [PATH:map00562 map01100]
M00131	Pathway modules	Carbohydrate metabolism	Other carbohydrate metabolism	 Inositol phosphate metabolism, Ins(1,3,4,5)P4 => Ins(1,3,4)P3 => myo-inositol [PATH:map00562 map01100]
M00132	Pathway modules	Carbohydrate metabolism	Other carbohydrate metabolism	 Inositol phosphate metabolism, Ins(1,3,4)P3 => phytate [PATH:map00562 map01100]
M00165	Pathway modules	Energy metabolism	Carbon fixation	 Reductive pentose phosphate cycle (Calvin cycle) [PATH:map00710 map01200 map01100 map01120]
M00166	Pathway modules	Energy metabolism	Carbon fixation	 Reductive pentose phosphate cycle, ribulose-5P => glyceraldehyde-3P [PATH:map00710 map01200 map01100 map01120]
M00167	Pathway modules	Energy metabolism	Carbon fixation	 Reductive pentose phosphate cycle, glyceraldehyde-3P => ribulose-5P [PATH:map00710 map01200 map01100 map01120]
M00168	Pathway modules	Energy metabolism	Carbon fixation	 CAM (Crassulacean acid metabolism), dark [PATH:map00620 map00710 map01200 map01100 map01120]
M00169	Pathway modules	Energy metabolism	Carbon fixation	 CAM (Crassulacean acid metabolism), light [PATH:map00620 map00710 map01200 map01100 map01120]
M00172	Pathway modules	Energy metabolism	Carbon fixation	 C4-dicarboxylic acid cycle, NADP - malic enzyme type [PATH:map00620 map00710 map01200 map01100 map01120]
M00171	Pathway modules	Energy metabolism	Carbon fixation	 C4-dicarboxylic acid cycle, NAD - malic enzyme type [PATH:map00710 map01200 map01100 map01120]
M00170	Pathway modules	Energy metabolism	Carbon fixation	 C4-dicarboxylic acid cycle, phosphoenolpyruvate carboxykinase type [PATH:map00710 map01200 map01100 map01120]
M00173	Pathway modules	Energy metabolism	Carbon fixation	 Reductive citrate cycle (Arnon-Buchanan cycle) [PATH:map00720 map01200 map01100 map01120]
M00376	Pathway modules	Energy metabolism	Carbon fixation	 3-Hydroxypropionate bi-cycle [PATH:map00720 map01200 map01100 map01120]
M00375	Pathway modules	Energy metabolism	Carbon fixation	 Hydroxypropionate-hydroxybutylate cycle [PATH:map00720 map01200 map01100 map01120]
M00374	Pathway modules	Energy metabolism	Carbon fixation	 Dicarboxylate-hydroxybutyrate cycle [PATH:map00720 map01200 map01100 map01120]
M00377	Pathway modules	Energy metabolism	Carbon fixation	 Reductive acetyl-CoA pathway (Wood-Ljungdahl pathway) [PATH:map00720 map01200 map01100 map01120]
M00579	Pathway modules	Energy metabolism	Carbon fixation	 Phosphate acetyltransferase-acetate kinase pathway, acetyl-CoA => acetate [PATH:map00430 map00620 map00720 map01200 map01100 map01120]
M00620	Pathway modules	Energy metabolism	Carbon fixation	 Incomplete reductive citrate cycle, acetyl-CoA => oxoglutarate [PATH:map00720 map01200 map01100 map01120]
M00567	Pathway modules	Energy metabolism	Methane metabolism	 Methanogenesis, CO2 => methane [PATH:map00680 map01200 map01100 map01120]
M00357	Pathway modules	Energy metabolism	Methane metabolism	 Methanogenesis, acetate => methane [PATH:map00680 map01200 map01100 map01120]
M00356	Pathway modules	Energy metabolism	Methane metabolism	 Methanogenesis, methanol => methane [PATH:map00680 map01200 map01100 map01120]
M00563	Pathway modules	Energy metabolism	Methane metabolism	 Methanogenesis, methylamine/dimethylamine/trimethylamine => methane [PATH:map00680 map01200 map01100 map01120]
M00358	Pathway modules	Energy metabolism	Methane metabolism	 Coenzyme M biosynthesis [PATH:map00680 map01100 map01120]
M00608	Pathway modules	Energy metabolism	Methane metabolism	 2-Oxocarboxylic acid chain extension, 2-oxoglutarate => 2-oxoadipate => 2-oxopimelate => 2-oxosuberate [PATH:map00300 map00680 map01210 map01230 map01100 map01120]
M00174	Pathway modules	Energy metabolism	Methane metabolism	 Methane oxidation, methanotroph, methane => formaldehyde [PATH:map00680 map01200 map01220 map01100 map01120]
M00346	Pathway modules	Energy metabolism	Methane metabolism	 Formaldehyde assimilation, serine pathway [PATH:map00680 map01200 map01100 map01120]
M00345	Pathway modules	Energy metabolism	Methane metabolism	 Formaldehyde assimilation, ribulose monophosphate pathway [PATH:map00030 map00680 map01200 map01230 map01100 map01120]
M00344	Pathway modules	Energy metabolism	Methane metabolism	 Formaldehyde assimilation, xylulose monophosphate pathway [PATH:map00680 map01200 map01100 map01120]
M00378	Pathway modules	Energy metabolism	Methane metabolism	 F420 biosynthesis [PATH:map00680 map01100 map01120]
M00422	Pathway modules	Energy metabolism	Methane metabolism	 Acetyl-CoA pathway, CO2 => acetyl-CoA [PATH:map00680 map01200 map01100 map01120]
M00175	Pathway modules	Energy metabolism	Nitrogen metabolism	 Nitrogen fixation, nitrogen => ammonia [PATH:map00910 map01100 map01120]
M00531	Pathway modules	Energy metabolism	Nitrogen metabolism	 Assimilatory nitrate reduction, nitrate => ammonia [PATH:map00910 map01100 map01120]
M00530	Pathway modules	Energy metabolism	Nitrogen metabolism	 Dissimilatory nitrate reduction, nitrate => ammonia [PATH:map00910 map01100 map01120]
M00529	Pathway modules	Energy metabolism	Nitrogen metabolism	 Denitrification, nitrate => nitrogen [PATH:map00910 map01100 map01120]
M00528	Pathway modules	Energy metabolism	Nitrogen metabolism	 Nitrification, ammonia => nitrite [PATH:map00910 map01100 map01120]
M00804	Pathway modules	Energy metabolism	Nitrogen metabolism	 Complete nitrification, comammox, ammonia => nitrite => nitrate [PATH:map00910 map01100 map01120]
M00176	Pathway modules	Energy metabolism	Sulfur metabolism	 Assimilatory sulfate reduction, sulfate => H2S [PATH:map00920 map01100 map01120]
M00596	Pathway modules	Energy metabolism	Sulfur metabolism	 Dissimilatory sulfate reduction, sulfate => H2S [PATH:map00920 map01100 map01120]
M00595	Pathway modules	Energy metabolism	Sulfur metabolism	 Thiosulfate oxidation by SOX complex, thiosulfate => sulfate [PATH:map00920 map01100 map01120]
M00161	Pathway modules	Energy metabolism	Photosynthesis	 Photosystem II [PATH:map00195] [BR:ko00194]
M00163	Pathway modules	Energy metabolism	Photosynthesis	 Photosystem I [PATH:map00195] [BR:ko00194]
M00597	Pathway modules	Energy metabolism	Photosynthesis	 Anoxygenic photosystem II [BR:ko00194]
M00598	Pathway modules	Energy metabolism	Photosynthesis	 Anoxygenic photosystem I [BR:ko00194]
M00144	Pathway modules	Energy metabolism	ATP synthesis	 NADH:quinone oxidoreductase, prokaryotes [PATH:map00190]
M00145	Pathway modules	Energy metabolism	ATP synthesis	 NAD(P)H:quinone oxidoreductase, chloroplasts and cyanobacteria [PATH:map00190]
M00142	Pathway modules	Energy metabolism	ATP synthesis	 NADH:ubiquinone oxidoreductase, mitochondria [PATH:map00190]
M00143	Pathway modules	Energy metabolism	ATP synthesis	 NADH dehydrogenase (ubiquinone) Fe-S protein/flavoprotein complex, mitochondria [PATH:map00190]
M00146	Pathway modules	Energy metabolism	ATP synthesis	 NADH dehydrogenase (ubiquinone) 1 alpha subcomplex [PATH:map00190]
M00147	Pathway modules	Energy metabolism	ATP synthesis	 NADH dehydrogenase (ubiquinone) 1 beta subcomplex [PATH:map00190]
M00149	Pathway modules	Energy metabolism	ATP synthesis	 Succinate dehydrogenase, prokaryotes [PATH:map00190]
M00150	Pathway modules	Energy metabolism	ATP synthesis	 Fumarate reductase, prokaryotes [PATH:map00190]
M00148	Pathway modules	Energy metabolism	ATP synthesis	 Succinate dehydrogenase (ubiquinone) [PATH:map00190]
M00162	Pathway modules	Energy metabolism	ATP synthesis	 Cytochrome b6f complex [PATH:map00195]
M00151	Pathway modules	Energy metabolism	ATP synthesis	 Cytochrome bc1 complex respiratory unit [PATH:map00190]
M00152	Pathway modules	Energy metabolism	ATP synthesis	 Cytochrome bc1 complex [PATH:map00190]
M00154	Pathway modules	Energy metabolism	ATP synthesis	 Cytochrome c oxidase [PATH:map00190]
M00155	Pathway modules	Energy metabolism	ATP synthesis	 Cytochrome c oxidase, prokaryotes [PATH:map00190]
M00153	Pathway modules	Energy metabolism	ATP synthesis	 Cytochrome bd ubiquinol oxidase [PATH:map00190]
M00417	Pathway modules	Energy metabolism	ATP synthesis	 Cytochrome o ubiquinol oxidase [PATH:map00190]
M00416	Pathway modules	Energy metabolism	ATP synthesis	 Cytochrome aa3-600 menaquinol oxidase [PATH:map00190]
M00156	Pathway modules	Energy metabolism	ATP synthesis	 Cytochrome c oxidase, cbb3-type [PATH:map00190]
M00157	Pathway modules	Energy metabolism	ATP synthesis	 F-type ATPase, prokaryotes and chloroplasts [PATH:map00190 map00195]
M00158	Pathway modules	Energy metabolism	ATP synthesis	 F-type ATPase, eukaryotes [PATH:map00190]
M00159	Pathway modules	Energy metabolism	ATP synthesis	 V-type ATPase, prokaryotes [PATH:map00190]
M00160	Pathway modules	Energy metabolism	ATP synthesis	 V-type ATPase, eukaryotes [PATH:map00190]
M00082	Pathway modules	Lipid metabolism	Fatty acid metabolism	 Fatty acid biosynthesis, initiation [PATH:map00061 map01212 map01100]
M00083	Pathway modules	Lipid metabolism	Fatty acid metabolism	 Fatty acid biosynthesis, elongation [PATH:map00061 map01212 map01100]
M00873	Pathway modules	Lipid metabolism	Fatty acid metabolism	 Fatty acid biosynthesis in mitochondria, animals [PATH:map00061 map01212 map01100]
M00874	Pathway modules	Lipid metabolism	Fatty acid metabolism	 Fatty acid biosynthesis in mitochondria, fungi [PATH:map00061 map01212 map01100]
M00085	Pathway modules	Lipid metabolism	Fatty acid metabolism	 Fatty acid elongation in mitochondria [PATH:map00062 map01212 map01100]
M00415	Pathway modules	Lipid metabolism	Fatty acid metabolism	 Fatty acid elongation in endoplasmic reticulum [PATH:map00062 map01040 map01212 map01100]
M00086	Pathway modules	Lipid metabolism	Fatty acid metabolism	 beta-Oxidation, acyl-CoA synthesis [PATH:map00061 map00071 map01212 map01100]
M00087	Pathway modules	Lipid metabolism	Fatty acid metabolism	 beta-Oxidation [PATH:map00071 map01212 map01100]
M00861	Pathway modules	Lipid metabolism	Fatty acid metabolism	 beta-Oxidation, peroxisome, VLCFA [PATH:map01040 map01212 map01100]
M00101	Pathway modules	Lipid metabolism	Sterol biosynthesis	 Cholesterol biosynthesis, squalene 2,3-epoxide => cholesterol [PATH:map00100 map01100]
M00102	Pathway modules	Lipid metabolism	Sterol biosynthesis	 Ergocalciferol biosynthesis [PATH:map00100 map01100 map01110]
M00103	Pathway modules	Lipid metabolism	Sterol biosynthesis	 Cholecalciferol biosynthesis [PATH:map00100 map01100]
M00104	Pathway modules	Lipid metabolism	Sterol biosynthesis	 Bile acid biosynthesis, cholesterol => cholate/chenodeoxycholate [PATH:map00120 map01100]
M00106	Pathway modules	Lipid metabolism	Sterol biosynthesis	 Conjugated bile acid biosynthesis, cholate => taurocholate/glycocholate [PATH:map00120 map01100]
M00862	Pathway modules	Lipid metabolism	Sterol biosynthesis	 beta-Oxidation, peroxisome, tri/dihydroxycholestanoyl-CoA => choloyl/chenodeoxycholoyl-CoA [PATH:map00120 map01100]
M00107	Pathway modules	Lipid metabolism	Sterol biosynthesis	 Steroid hormone biosynthesis, cholesterol => prognenolone => progesterone [PATH:map00140 map01100]
M00108	Pathway modules	Lipid metabolism	Sterol biosynthesis	 C21-Steroid hormone biosynthesis, progesterone => corticosterone/aldosterone [PATH:map00140 map01100]
M00109	Pathway modules	Lipid metabolism	Sterol biosynthesis	 C21-Steroid hormone biosynthesis, progesterone => cortisol/cortisone [PATH:map00140 map01100]
M00110	Pathway modules	Lipid metabolism	Sterol biosynthesis	 C19/C18-Steroid hormone biosynthesis, pregnenolone => androstenedione => estrone [PATH:map00140 map01100]
M00088	Pathway modules	Lipid metabolism	Lipid metabolism	 Ketone body biosynthesis, acetyl-CoA => acetoacetate/3-hydroxybutyrate/acetone [PATH:map00072 map01100]
M00089	Pathway modules	Lipid metabolism	Lipid metabolism	 Triacylglycerol biosynthesis [PATH:map00561 map01100]
M00098	Pathway modules	Lipid metabolism	Lipid metabolism	 Acylglycerol degradation [PATH:map00561 map01100]
M00090	Pathway modules	Lipid metabolism	Lipid metabolism	 Phosphatidylcholine (PC) biosynthesis, choline => PC [PATH:map00564 map01100]
M00091	Pathway modules	Lipid metabolism	Lipid metabolism	 Phosphatidylcholine (PC) biosynthesis, PE => PC [PATH:map00564 map01100]
M00092	Pathway modules	Lipid metabolism	Lipid metabolism	 Phosphatidylethanolamine (PE) biosynthesis, ethanolamine => PE [PATH:map00564 map01100]
M00093	Pathway modules	Lipid metabolism	Lipid metabolism	 Phosphatidylethanolamine (PE) biosynthesis, PA => PS => PE [PATH:map00564 map01100]
M00094	Pathway modules	Lipid metabolism	Lipid metabolism	 Ceramide biosynthesis [PATH:map00600 map01100]
M00066	Pathway modules	Lipid metabolism	Lipid metabolism	 Lactosylceramide biosynthesis [PATH:map00600 map01100]
M00067	Pathway modules	Lipid metabolism	Lipid metabolism	 Sulfoglycolipids biosynthesis, ceramide/1-alkyl-2-acylglycerol => sulfatide/seminolipid [PATH:map00600 map00565 map01100]
M00099	Pathway modules	Lipid metabolism	Lipid metabolism	 Sphingosine biosynthesis [PATH:map00600 map01100]
M00100	Pathway modules	Lipid metabolism	Lipid metabolism	 Sphingosine degradation [PATH:map00600 map01100]
M00113	Pathway modules	Lipid metabolism	Lipid metabolism	 Jasmonic acid biosynthesis [PATH:map00592 map01100 map01110]
M00048	Pathway modules	Nucleotide metabolism	Purine metabolism	 Inosine monophosphate biosynthesis, PRPP + glutamine => IMP [PATH:map00230 map01100]
M00049	Pathway modules	Nucleotide metabolism	Purine metabolism	 Adenine ribonucleotide biosynthesis, IMP => ADP,ATP [PATH:map00230 map01100]
M00050	Pathway modules	Nucleotide metabolism	Purine metabolism	 Guanine ribonucleotide biosynthesis IMP => GDP,GTP [PATH:map00230 map01100]
M00546	Pathway modules	Nucleotide metabolism	Purine metabolism	 Purine degradation, xanthine => urea [PATH:map00230 map01100]
M00051	Pathway modules	Nucleotide metabolism	Pyrimidine metabolism	 Uridine monophosphate biosynthesis, glutamine (+ PRPP) => UMP [PATH:map00240 map01100]
M00052	Pathway modules	Nucleotide metabolism	Pyrimidine metabolism	 Pyrimidine ribonucleotide biosynthesis, UMP => UDP/UTP,CDP/CTP [PATH:map00240 map01100]
M00053	Pathway modules	Nucleotide metabolism	Pyrimidine metabolism	 Pyrimidine deoxyribonuleotide biosynthesis, CDP/CTP => dCDP/dCTP,dTDP/dTTP [PATH:map00240 map01100]
M00046	Pathway modules	Nucleotide metabolism	Pyrimidine metabolism	 Pyrimidine degradation, uracil => beta-alanine, thymine => 3-aminoisobutanoate [PATH:map00240 map01100]
M00020	Pathway modules	Amino acid metabolism	Serine and threonine metabolism	 Serine biosynthesis, glycerate-3P => serine [PATH:map00260 map00680 map01200 map01230 map01100]
M00018	Pathway modules	Amino acid metabolism	Serine and threonine metabolism	 Threonine biosynthesis, aspartate => homoserine => threonine [PATH:map00260 map01230 map01100 map01110]
M00555	Pathway modules	Amino acid metabolism	Serine and threonine metabolism	 Betaine biosynthesis, choline => betaine [PATH:map00260 map01100]
M00033	Pathway modules	Amino acid metabolism	Serine and threonine metabolism	 Ectoine biosynthesis, aspartate => ectoine [PATH:map00260 map01210 map01230 map01100 map01120]
M00021	Pathway modules	Amino acid metabolism	Cysteine and methionine metabolism	 Cysteine biosynthesis, serine => cysteine [PATH:map00270 map00920 map01200 map01230 map01100 map01110]
M00338	Pathway modules	Amino acid metabolism	Cysteine and methionine metabolism	 Cysteine biosynthesis, homocysteine + serine => cysteine [PATH:map00260 map00270 map01230 map01100]
M00609	Pathway modules	Amino acid metabolism	Cysteine and methionine metabolism	 Cysteine biosynthesis, methionine => cysteine [PATH:map00270 map01230 map01100]
M00017	Pathway modules	Amino acid metabolism	Cysteine and methionine metabolism	 Methionine biosynthesis, apartate => homoserine => methionine [PATH:map00270 map01230 map01100]
M00034	Pathway modules	Amino acid metabolism	Cysteine and methionine metabolism	 Methionine salvage pathway [PATH:map00270 map01100]
M00035	Pathway modules	Amino acid metabolism	Cysteine and methionine metabolism	 Methionine degradation [PATH:map00270 map01100]
M00368	Pathway modules	Amino acid metabolism	Cysteine and methionine metabolism	 Ethylene biosynthesis, methionine => ethylene [PATH:map00270 map01100 map01110]
M00019	Pathway modules	Amino acid metabolism	Branched-chain amino acid metabolism	 Valine/isoleucine biosynthesis, pyruvate => valine / 2-oxobutanoate => isoleucine [PATH:map00290 map00770 map01210 map01230 map01100 map01110]
M00535	Pathway modules	Amino acid metabolism	Branched-chain amino acid metabolism	 Isoleucine biosynthesis, pyruvate => 2-oxobutanoate [PATH:map00290 map00660 map01210 map01230 map01100]
M00570	Pathway modules	Amino acid metabolism	Branched-chain amino acid metabolism	 Isoleucine biosynthesis, threonine => 2-oxobutanoate => isoleucine [PATH:map00290 map01230 map01100]
M00432	Pathway modules	Amino acid metabolism	Branched-chain amino acid metabolism	 Leucine biosynthesis, 2-oxoisovalerate => 2-oxoisocaproate [PATH:map00290 map01210 map01230 map01100 map01110]
M00036	Pathway modules	Amino acid metabolism	Branched-chain amino acid metabolism	 Leucine degradation, leucine => acetoacetate + acetyl-CoA [PATH:map00280 map01100]
M00016	Pathway modules	Amino acid metabolism	Lysine metabolism	 Lysine biosynthesis, succinyl-DAP pathway, aspartate => lysine [PATH:map00300 map01230 map01100]
M00525	Pathway modules	Amino acid metabolism	Lysine metabolism	 Lysine biosynthesis, acetyl-DAP pathway, aspartate => lysine [PATH:map00300 map01230 map01100]
M00526	Pathway modules	Amino acid metabolism	Lysine metabolism	 Lysine biosynthesis, DAP dehydrogenase pathway, aspartate => lysine [PATH:map00300 map01230 map01100]
M00527	Pathway modules	Amino acid metabolism	Lysine metabolism	 Lysine biosynthesis, DAP aminotransferase pathway, aspartate => lysine [PATH:map00300 map01230 map01100 map01110]
M00030	Pathway modules	Amino acid metabolism	Lysine metabolism	 Lysine biosynthesis, AAA pathway, 2-oxoglutarate => 2-aminoadipate => lysine [PATH:map00300 map01230 map01100]
M00433	Pathway modules	Amino acid metabolism	Lysine metabolism	 Lysine biosynthesis, 2-oxoglutarate => 2-oxoadipate [PATH:map00300 map01210 map01230 map01100]
M00031	Pathway modules	Amino acid metabolism	Lysine metabolism	 Lysine biosynthesis, mediated by LysW, 2-aminoadipate => lysine [PATH:map00300 map01210 map01230 map01100]
M00032	Pathway modules	Amino acid metabolism	Lysine metabolism	 Lysine degradation, lysine => saccharopine => acetoacetyl-CoA [PATH:map00310 map01100]
M00028	Pathway modules	Amino acid metabolism	Arginine and proline metabolism	 Ornithine biosynthesis, glutamate => ornithine [PATH:map00220 map01210 map01230 map01100]
M00763	Pathway modules	Amino acid metabolism	Arginine and proline metabolism	 Ornithine biosynthesis, mediated by LysW, glutamate => ornithine [PATH:map00220 map01210 map01230 map01100]
M00844	Pathway modules	Amino acid metabolism	Arginine and proline metabolism	 Arginine biosynthesis, ornithine => arginine [PATH:map00220 map01230 map01100]
M00845	Pathway modules	Amino acid metabolism	Arginine and proline metabolism	 Arginine biosynthesis, glutamate => acetylcitrulline => arginine [PATH:map00220 map01230 map01100]
M00029	Pathway modules	Amino acid metabolism	Arginine and proline metabolism	 Urea cycle [PATH:map00220 map01230 map01100]
M00015	Pathway modules	Amino acid metabolism	Arginine and proline metabolism	 Proline biosynthesis, glutamate => proline [PATH:map00330 map01230 map01100]
M00047	Pathway modules	Amino acid metabolism	Arginine and proline metabolism	 Creatine pathway [PATH:map00330 map01100]
M00879	Pathway modules	Amino acid metabolism	Arginine and proline metabolism	 Arginine succinyltransferase pathway, arginine => glutamate [PATH:map00330 map01100]
M00133	Pathway modules	Amino acid metabolism	Polyamine biosynthesis	 Polyamine biosynthesis, arginine => agmatine => putrescine => spermidine [PATH:map00330 map01100]
M00134	Pathway modules	Amino acid metabolism	Polyamine biosynthesis	 Polyamine biosynthesis, arginine => ornithine => putrescine [PATH:map00330 map01100]
M00135	Pathway modules	Amino acid metabolism	Polyamine biosynthesis	 GABA biosynthesis, eukaryotes, putrescine => GABA [PATH:map00330 map01100]
M00136	Pathway modules	Amino acid metabolism	Polyamine biosynthesis	 GABA biosynthesis, prokaryotes, putrescine => GABA [PATH:map00330 map01100]
M00026	Pathway modules	Amino acid metabolism	Histidine metabolism	 Histidine biosynthesis, PRPP => histidine [PATH:map00340 map01230 map01100 map01110]
M00045	Pathway modules	Amino acid metabolism	Histidine metabolism	 Histidine degradation, histidine => N-formiminoglutamate => glutamate [PATH:map00340 map01100]
M00022	Pathway modules	Amino acid metabolism	Aromatic amino acid metabolism	 Shikimate pathway, phosphoenolpyruvate + erythrose-4P => chorismate [PATH:map00400 map01230 map01100 map01110]
M00023	Pathway modules	Amino acid metabolism	Aromatic amino acid metabolism	 Tryptophan biosynthesis, chorismate => tryptophan [PATH:map00400 map01230 map01100 map01110]
M00024	Pathway modules	Amino acid metabolism	Aromatic amino acid metabolism	 Phenylalanine biosynthesis, chorismate => phenylalanine [PATH:map00400 map01230 map01100 map01110]
M00025	Pathway modules	Amino acid metabolism	Aromatic amino acid metabolism	 Tyrosine biosynthesis, chorismate => tyrosine [PATH:map00400 map01230 map01100]
M00040	Pathway modules	Amino acid metabolism	Aromatic amino acid metabolism	 Tyrosine biosynthesis, prephanate => pretyrosine => tyrosine [PATH:map00400 map01230 map01100 map01110]
M00042	Pathway modules	Amino acid metabolism	Aromatic amino acid metabolism	 Catecholamine biosynthesis, tyrosine => dopamine => noradrenaline => adrenaline [PATH:map00350 map01100]
M00043	Pathway modules	Amino acid metabolism	Aromatic amino acid metabolism	 Thyroid hormone biosynthesis, tyrosine => triiodothyronine/thyroxine [PATH:map00350 map01100]
M00044	Pathway modules	Amino acid metabolism	Aromatic amino acid metabolism	 Tyrosine degradation, tyrosine => homogentisate [PATH:map00350 map01100]
M00533	Pathway modules	Amino acid metabolism	Aromatic amino acid metabolism	 Homoprotocatechuate degradation, homoprotocatechuate => 2-oxohept-3-enedioate [PATH:map00350 map01220 map01100 map01120]
M00545	Pathway modules	Amino acid metabolism	Aromatic amino acid metabolism	 Trans-cinnamate degradation, trans-cinnamate => acetyl-CoA [PATH:map00360 map01220 map01100 map01120]
M00037	Pathway modules	Amino acid metabolism	Aromatic amino acid metabolism	 Melatonin biosynthesis, tryptophan => serotonin => melatonin [PATH:map00380 map01100]
M00038	Pathway modules	Amino acid metabolism	Aromatic amino acid metabolism	 Tryptophan metabolism, tryptophan => kynurenine => 2-aminomuconate [PATH:map00380 map01100]
M00027	Pathway modules	Amino acid metabolism	Other amino acid metabolism	 GABA (gamma-Aminobutyrate) shunt [PATH:map00250 map00650 map01100]
M00369	Pathway modules	Amino acid metabolism	Other amino acid metabolism	 Cyanogenic glycoside biosynthesis, tyrosine => dhurrin [PATH:map00460 map01100 map01110]
M00118	Pathway modules	Amino acid metabolism	Other amino acid metabolism	 Glutathione biosynthesis, glutamate => glutathione [PATH:map00480 map01100]
M00055	Pathway modules	Glycan metabolism	Glycan biosynthesis	 N-glycan precursor biosynthesis [PATH:map00510 map01100]
M00072	Pathway modules	Glycan metabolism	Glycan biosynthesis	 N-glycosylation by oligosaccharyltransferase [PATH:map00510 map00513 map01100]
M00073	Pathway modules	Glycan metabolism	Glycan biosynthesis	 N-glycan precursor trimming [PATH:map00510 map01100]
M00074	Pathway modules	Glycan metabolism	Glycan biosynthesis	 N-glycan biosynthesis, high-mannose type [PATH:map00510 map00513 map01100]
M00075	Pathway modules	Glycan metabolism	Glycan biosynthesis	 N-glycan biosynthesis, complex type [PATH:map00510 map01100]
M00056	Pathway modules	Glycan metabolism	Glycan biosynthesis	 O-glycan biosynthesis, mucin type core [PATH:map00512 map01100]
M00872	Pathway modules	Glycan metabolism	Glycan biosynthesis	 O-glycan biosynthesis, mannose type (core M3) [PATH:map00515 map01100]
M00065	Pathway modules	Glycan metabolism	Glycan biosynthesis	 GPI-anchor biosynthesis, core oligosaccharide [PATH:map00563 map01100]
M00070	Pathway modules	Glycan metabolism	Glycan biosynthesis	 Glycosphingolipid biosynthesis, lacto-series, LacCer => Lc4Cer [PATH:map00601 map01100]
M00071	Pathway modules	Glycan metabolism	Glycan biosynthesis	 Glycosphingolipid biosynthesis, neolacto-series, LacCer => nLc4Cer [PATH:map00601 map01100]
M00068	Pathway modules	Glycan metabolism	Glycan biosynthesis	 Glycosphingolipid biosynthesis, globo-series, LacCer => Gb4Cer [PATH:map00603 map01100]
M00069	Pathway modules	Glycan metabolism	Glycan biosynthesis	 Glycosphingolipid biosynthesis, ganglio series, LacCer => GT3 [PATH:map00604 map01100]
M00057	Pathway modules	Glycan metabolism	Glycosaminoglycan metabolism	 Glycosaminoglycan biosynthesis, linkage tetrasaccharide [PATH:map00532 map00534 map01100]
M00058	Pathway modules	Glycan metabolism	Glycosaminoglycan metabolism	 Glycosaminoglycan biosynthesis, chondroitin sulfate backbone [PATH:map00532 map01100]
M00059	Pathway modules	Glycan metabolism	Glycosaminoglycan metabolism	 Glycosaminoglycan biosynthesis, heparan sulfate backbone [PATH:map00534 map01100]
M00076	Pathway modules	Glycan metabolism	Glycosaminoglycan metabolism	 Dermatan sulfate degradation [PATH:map00531 map01100]
M00077	Pathway modules	Glycan metabolism	Glycosaminoglycan metabolism	 Chondroitin sulfate degradation [PATH:map00531 map01100]
M00078	Pathway modules	Glycan metabolism	Glycosaminoglycan metabolism	 Heparan sulfate degradation [PATH:map00531 map01100]
M00079	Pathway modules	Glycan metabolism	Glycosaminoglycan metabolism	 Keratan sulfate degradation [PATH:map00531 map01100]
M00060	Pathway modules	Glycan metabolism	Lipopolysaccharide metabolism	 KDO2-lipid A biosynthesis, Raetz pathway, LpxL-LpxM type [PATH:map00540 map01100]
M00866	Pathway modules	Glycan metabolism	Lipopolysaccharide metabolism	 KDO2-lipid A biosynthesis, Raetz pathway, non-LpxL-LpxM type [PATH:map00540 map01100]
M00867	Pathway modules	Glycan metabolism	Lipopolysaccharide metabolism	 KDO2-lipid A modification pathway [PATH:map00540 map01100]
M00063	Pathway modules	Glycan metabolism	Lipopolysaccharide metabolism	 CMP-KDO biosynthesis [PATH:map00540 map01100]
M00064	Pathway modules	Glycan metabolism	Lipopolysaccharide metabolism	 ADP-L-glycero-D-manno-heptose biosynthesis [PATH:map00540 map01100]
M00127	Pathway modules	Metabolism of cofactors and vitamins	Cofactor and vitamin metabolism	 Thiamine biosynthesis, AIR => thiamine-P/thiamine-2P [PATH:map00730 map01100]
M00125	Pathway modules	Metabolism of cofactors and vitamins	Cofactor and vitamin metabolism	 Riboflavin biosynthesis, GTP => riboflavin/FMN/FAD [PATH:map00740 map01100 map01110]
M00124	Pathway modules	Metabolism of cofactors and vitamins	Cofactor and vitamin metabolism	 Pyridoxal biosynthesis, erythrose-4P => pyridoxal-5P [PATH:map00750 map01100]
M00115	Pathway modules	Metabolism of cofactors and vitamins	Cofactor and vitamin metabolism	 NAD biosynthesis, aspartate => NAD [PATH:map00760 map01100]
M00810	Pathway modules	Metabolism of cofactors and vitamins	Cofactor and vitamin metabolism	 Nicotine degradation, pyridine pathway, nicotine => 2,6-dihydroxypyridine/succinate semialdehyde [PATH:map00760 map01100 map01120]
M00811	Pathway modules	Metabolism of cofactors and vitamins	Cofactor and vitamin metabolism	 Nicotine degradation, pyrrolidine pathway, nicotine => succinate semialdehyde [PATH:map00760 map01100 map01120]
M00622	Pathway modules	Metabolism of cofactors and vitamins	Cofactor and vitamin metabolism	 Nicotinate degradation, nicotinate => fumarate [PATH:map00760 map01100 map01120]
M00119	Pathway modules	Metabolism of cofactors and vitamins	Cofactor and vitamin metabolism	 Pantothenate biosynthesis, valine/L-aspartate => pantothenate [PATH:map00770 map01100 map01110]
M00120	Pathway modules	Metabolism of cofactors and vitamins	Cofactor and vitamin metabolism	 Coenzyme A biosynthesis, pantothenate => CoA [PATH:map00770 map01100]
M00572	Pathway modules	Metabolism of cofactors and vitamins	Cofactor and vitamin metabolism	 Pimeloyl-ACP biosynthesis, BioC-BioH pathway, malonyl-ACP => pimeloyl-ACP [PATH:map00780 map01100]
M00123	Pathway modules	Metabolism of cofactors and vitamins	Cofactor and vitamin metabolism	 Biotin biosynthesis, pimeloyl-ACP/CoA => biotin [PATH:map00780 map01100]
M00573	Pathway modules	Metabolism of cofactors and vitamins	Cofactor and vitamin metabolism	 Biotin biosynthesis, BioI pathway, long-chain-acyl-ACP => pimeloyl-ACP => biotin [PATH:map00780 map01100]
M00577	Pathway modules	Metabolism of cofactors and vitamins	Cofactor and vitamin metabolism	 Biotin biosynthesis, BioW pathway, pimelate => pimeloyl-CoA => biotin [PATH:map00780 map01100]
M00126	Pathway modules	Metabolism of cofactors and vitamins	Cofactor and vitamin metabolism	 Tetrahydrofolate biosynthesis, GTP => THF [PATH:map00790 map00670 map01100]
M00840	Pathway modules	Metabolism of cofactors and vitamins	Cofactor and vitamin metabolism	 Tetrahydrofolate biosynthesis, mediated by ribA and trpF, GTP => THF [PATH:map00790 map01100]
M00841	Pathway modules	Metabolism of cofactors and vitamins	Cofactor and vitamin metabolism	 Tetrahydrofolate biosynthesis, mediated by PTPS, GTP => THF [PATH:map00790 map01100]
M00842	Pathway modules	Metabolism of cofactors and vitamins	Cofactor and vitamin metabolism	 Tetrahydrobiopterin biosynthesis, GTP => BH4 [PATH:map00790 map01100]
M00843	Pathway modules	Metabolism of cofactors and vitamins	Cofactor and vitamin metabolism	 L-threo-Tetrahydrobiopterin biosynthesis, GTP => L-threo-BH4 [PATH:map00790 map01100]
M00880	Pathway modules	Metabolism of cofactors and vitamins	Cofactor and vitamin metabolism	 Molybdenum cofactor biosynthesis, GTP => molybdenum cofactor [PATH:map00790 map01100]
M00140	Pathway modules	Metabolism of cofactors and vitamins	Cofactor and vitamin metabolism	 C1-unit interconversion, prokaryotes [PATH:map00670 map01100]
M00141	Pathway modules	Metabolism of cofactors and vitamins	Cofactor and vitamin metabolism	 C1-unit interconversion, eukaryotes [PATH:map00670 map01100]
M00868	Pathway modules	Metabolism of cofactors and vitamins	Cofactor and vitamin metabolism	 Heme biosynthesis, animals and fungi, glycine => heme [PATH:map00860 map01100]
M00121	Pathway modules	Metabolism of cofactors and vitamins	Cofactor and vitamin metabolism	 Heme biosynthesis, plants and bacteria, glutamate => heme [PATH:map00860 map01100 map01110]
M00846	Pathway modules	Metabolism of cofactors and vitamins	Cofactor and vitamin metabolism	 Siroheme biosynthesis, glutamate => siroheme [PATH:map00860 map01100 map01110]
M00847	Pathway modules	Metabolism of cofactors and vitamins	Cofactor and vitamin metabolism	 Heme biosynthesis, archaea, siroheme => heme [PATH:map00860 map01100 map01110]
M00122	Pathway modules	Metabolism of cofactors and vitamins	Cofactor and vitamin metabolism	 Cobalamin biosynthesis, cobinamide => cobalamin [PATH:map00860 map01100]
M00836	Pathway modules	Metabolism of cofactors and vitamins	Cofactor and vitamin metabolism	 Coenzyme F430 biosynthesis, sirohydrochlorin => coenzyme F430 [PATH:map00860 map01100 map01120]
M00117	Pathway modules	Metabolism of cofactors and vitamins	Cofactor and vitamin metabolism	 Ubiquinone biosynthesis, prokaryotes, chorismate => ubiquinone [PATH:map00130 map01100 map01110]
M00128	Pathway modules	Metabolism of cofactors and vitamins	Cofactor and vitamin metabolism	 Ubiquinone biosynthesis, eukaryotes, 4-hydroxybenzoate => ubiquinone [PATH:map00130 map01100]
M00116	Pathway modules	Metabolism of cofactors and vitamins	Cofactor and vitamin metabolism	 Menaquinone biosynthesis, chorismate => menaquinol [PATH:map00130 map01100 map01110]
M00112	Pathway modules	Metabolism of cofactors and vitamins	Cofactor and vitamin metabolism	 Tocopherol/tocotorienol biosynthesis [PATH:map00130 map01100 map01110]
M00095	Pathway modules	Biosynthesis of terpenoids and polyketides	Terpenoid backbone biosynthesis	 C5 isoprenoid biosynthesis, mevalonate pathway [PATH:map00900 map01100 map01110]
M00849	Pathway modules	Biosynthesis of terpenoids and polyketides	Terpenoid backbone biosynthesis	 C5 isoprenoid biosynthesis, mevalonate pathway, archaea [PATH:map00900 map01100 map01110]
M00096	Pathway modules	Biosynthesis of terpenoids and polyketides	Terpenoid backbone biosynthesis	 C5 isoprenoid biosynthesis, non-mevalonate pathway [PATH:map00900 map01100 map01110]
M00364	Pathway modules	Biosynthesis of terpenoids and polyketides	Terpenoid backbone biosynthesis	 C10-C20 isoprenoid biosynthesis, bacteria [PATH:map00900 map01100 map01110]
M00365	Pathway modules	Biosynthesis of terpenoids and polyketides	Terpenoid backbone biosynthesis	 C10-C20 isoprenoid biosynthesis, archaea [PATH:map00900 map01100 map01110]
M00366	Pathway modules	Biosynthesis of terpenoids and polyketides	Terpenoid backbone biosynthesis	 C10-C20 isoprenoid biosynthesis, plants [PATH:map00900 map01100 map01110]
M00367	Pathway modules	Biosynthesis of terpenoids and polyketides	Terpenoid backbone biosynthesis	 C10-C20 isoprenoid biosynthesis, non-plant eukaryotes [PATH:map00900 map01100 map01110]
M00097	Pathway modules	Biosynthesis of terpenoids and polyketides	Other terpenoid biosynthesis	 beta-Carotene biosynthesis, GGAP => beta-carotene [PATH:map00906 map01100 map01110]
M00372	Pathway modules	Biosynthesis of terpenoids and polyketides	Other terpenoid biosynthesis	 Abscisic acid biosynthesis, beta-carotene => abscisic acid [PATH:map00906 map01100 map01110]
M00371	Pathway modules	Biosynthesis of terpenoids and polyketides	Other terpenoid biosynthesis	 Castasterone biosynthesis, campesterol => castasterone [PATH:map00905 map01100 map01110]
M00773	Pathway modules	Biosynthesis of terpenoids and polyketides	Macrolide biosynthesis	 Tylosin biosynthesis, methylmalonyl-CoA + malonyl-CoA => tylactone => tylosin [PATH:map00522 map01100 map01130]
M00774	Pathway modules	Biosynthesis of terpenoids and polyketides	Macrolide biosynthesis	 Erythromycin biosynthesis, propanoyl-CoA + methylmalonyl-CoA => deoxyerythronolide B => erythromycin A/B [PATH:map00522 map01100 map01110]
M00775	Pathway modules	Biosynthesis of terpenoids and polyketides	Macrolide biosynthesis	 Oleandomycin biosynthesis, malonyl-CoA + methylmalonyl-CoA => 8,8a-deoxyoleandolide => oleandomycin [PATH:map00522 map01100 map01110]
M00776	Pathway modules	Biosynthesis of terpenoids and polyketides	Macrolide biosynthesis	 Pikromycin/methymycin biosynthesis, methylmalonyl-CoA + malonyl-CoA => narbonolide/10-deoxymethynolide => pikromycin/methymycin [PATH:map00522 map01100 map01110]
M00777	Pathway modules	Biosynthesis of terpenoids and polyketides	Macrolide biosynthesis	 Avermectin biosynthesis, 2-methylbutanoyl-CoA/isobutyryl-CoA => 6,8a-Seco-6,8a-deoxy-5-oxoavermectin 1a/1b aglycone => avermectin A1a/B1a/A1b/B1b [PATH:map00522 map01100 map01110]
M00824	Pathway modules	Biosynthesis of terpenoids and polyketides	Enediyne biosynthesis	 9-membered enediyne core biosynthesis, malonyl-CoA => 3-hydroxyhexadeca-4,6,8,10,12,14-hexaenoyl-ACP => 9-membered enediyne core [PATH:map01059 map01100 map01130]
M00825	Pathway modules	Biosynthesis of terpenoids and polyketides	Enediyne biosynthesis	 10-membered enediyne core biosynthesis, malonyl-CoA => 3-hydroxyhexadeca-4,6,8,10,12,14-hexaenoyl-ACP => 10-membered enediyne core [PATH:map01059 map01100 map01130]
M00826	Pathway modules	Biosynthesis of terpenoids and polyketides	Enediyne biosynthesis	 C-1027 benzoxazolinate moiety biosynthesis, chorismate => benzoxazolinyl-CoA [PATH:map01059 map01100 map01130]
M00827	Pathway modules	Biosynthesis of terpenoids and polyketides	Enediyne biosynthesis	 C-1027 beta-amino acid moiety biosynthesis, tyrosine => 3-chloro-4,5-dihydroxy-beta-phenylalanyl-PCP [PATH:map01059 map01130]
M00828	Pathway modules	Biosynthesis of terpenoids and polyketides	Enediyne biosynthesis	 Maduropeptin beta-hydroxy acid moiety biosynthesis, tyrosine => 3-(4-hydroxyphenyl)-3-oxopropanoyl-PCP [PATH:map01059 map01130]
M00829	Pathway modules	Biosynthesis of terpenoids and polyketides	Enediyne biosynthesis	 3,6-Dimethylsalicylyl-CoA biosynthesis, malonyl-CoA => 6-methylsalicylate => 3,6-dimethylsalicylyl-CoA [PATH:map01059 map01100 map01130]
M00830	Pathway modules	Biosynthesis of terpenoids and polyketides	Enediyne biosynthesis	 Neocarzinostatin naphthoate moiety biosynthesis, malonyl-CoA => 2-hydroxy-5-methyl-1-naphthoate => 2-hydroxy-7-methoxy-5-methyl-1-naphthoyl-CoA [PATH:map01059 map01100 map01130]
M00831	Pathway modules	Biosynthesis of terpenoids and polyketides	Enediyne biosynthesis	 Kedarcidin 2-hydroxynaphthoate moiety biosynthesis, malonyl-CoA => 3,6,8-trihydroxy-2-naphthoate => 3-hydroxy-7,8-dimethoxy-6-isopropoxy-2-naphthoyl-CoA [PATH:map01059 map01100 map01130]
M00832	Pathway modules	Biosynthesis of terpenoids and polyketides	Enediyne biosynthesis	 Kedarcidin 2-aza-3-chloro-beta-tyrosine moiety biosynthesis, azatyrosine => 2-aza-3-chloro-beta-tyrosyl-PCP [PATH:map01059 map01130]
M00834	Pathway modules	Biosynthesis of terpenoids and polyketides	Enediyne biosynthesis	 Calicheamicin orsellinate moiety biosynthesis, malonyl-CoA => orsellinate-ACP => 5-iodo-2,3-dimethoxyorsellinate-ACP [PATH:map01059 map01100 map01130]
M00833	Pathway modules	Biosynthesis of terpenoids and polyketides	Enediyne biosynthesis	 Calicheamicin biosynthesis, calicheamicinone => calicheamicin [PATH:map01059 map01100 map01130]
M00778	Pathway modules	Biosynthesis of terpenoids and polyketides	Type II polyketide biosynthesis	 Type II polyketide backbone biosynthesis, acyl-CoA + malonyl-CoA => polyketide [PATH:map01056 map00253 map01100 map01130]
M00779	Pathway modules	Biosynthesis of terpenoids and polyketides	Type II polyketide biosynthesis	 Dihydrokalafungin biosynthesis, octaketide => dihydrokalafungin [PATH:map01057 map01100 map01130]
M00780	Pathway modules	Biosynthesis of terpenoids and polyketides	Type II polyketide biosynthesis	 Tetracycline/oxytetracycline biosynthesis, pretetramide => tetracycline/oxytetracycline [PATH:map00253 map01057 map01100 map01130]
M00823	Pathway modules	Biosynthesis of terpenoids and polyketides	Type II polyketide biosynthesis	 Chlortetracycline biosynthesis, pretetramide => chlortetracycline [PATH:map00253 map01057 map01100 map01130]
M00781	Pathway modules	Biosynthesis of terpenoids and polyketides	Type II polyketide biosynthesis	 Nogalavinone/aklavinone biosynthesis, deoxynogalonate/deoxyaklanonate => nogalavinone/aklavinone [PATH:map01057 map01100 map01130]
M00782	Pathway modules	Biosynthesis of terpenoids and polyketides	Type II polyketide biosynthesis	 Mithramycin biosynthesis, 4-demethylpremithramycinone => mithramycin [PATH:map01057 map01100 map01130]
M00783	Pathway modules	Biosynthesis of terpenoids and polyketides	Type II polyketide biosynthesis	 Tetracenomycin C/8-demethyltetracenomycin C biosynthesis, tetracenomycin F2 => tetracenomycin C/8-demethyltetracenomycin C [PATH:map01057 map01100 map01130]
M00784	Pathway modules	Biosynthesis of terpenoids and polyketides	Type II polyketide biosynthesis	 Elloramycin biosynthesis, 8-demethyltetracenomycin C => elloramycin A [PATH:map01057 map01100 map01130]
M00793	Pathway modules	Biosynthesis of terpenoids and polyketides	Polyketide sugar unit biosynthesis	 dTDP-L-rhamnose biosynthesis [PATH:map00521 map00523 map01100 map01130]
M00794	Pathway modules	Biosynthesis of terpenoids and polyketides	Polyketide sugar unit biosynthesis	 dTDP-6-deoxy-D-allose biosynthesis [PATH:map00523 map01100 map01130]
M00795	Pathway modules	Biosynthesis of terpenoids and polyketides	Polyketide sugar unit biosynthesis	 dTDP-beta-L-noviose biosynthesis [PATH:map00523 map01100 map01130]
M00796	Pathway modules	Biosynthesis of terpenoids and polyketides	Polyketide sugar unit biosynthesis	 dTDP-D-mycaminose biosynthesis [PATH:map00523 map01100 map01130]
M00797	Pathway modules	Biosynthesis of terpenoids and polyketides	Polyketide sugar unit biosynthesis	 dTDP-D-desosamine biosynthesis [PATH:map00523 map01100 map01130]
M00798	Pathway modules	Biosynthesis of terpenoids and polyketides	Polyketide sugar unit biosynthesis	 dTDP-L-mycarose biosynthesis [PATH:map00523 map01100 map01130]
M00799	Pathway modules	Biosynthesis of terpenoids and polyketides	Polyketide sugar unit biosynthesis	 dTDP-L-oleandrose biosynthesis [PATH:map00523 map01100 map01130]
M00800	Pathway modules	Biosynthesis of terpenoids and polyketides	Polyketide sugar unit biosynthesis	 dTDP-L-megosamine biosynthesis [PATH:map00523 map01100 map01130]
M00801	Pathway modules	Biosynthesis of terpenoids and polyketides	Polyketide sugar unit biosynthesis	 dTDP-L-olivose biosynthesis [PATH:map00523 map01100 map01130]
M00802	Pathway modules	Biosynthesis of terpenoids and polyketides	Polyketide sugar unit biosynthesis	 dTDP-D-forosamine biosynthesis [PATH:map00523 map01100 map01130]
M00803	Pathway modules	Biosynthesis of terpenoids and polyketides	Polyketide sugar unit biosynthesis	 dTDP-D-angolosamine biosynthesis [PATH:map00523 map01100 map01130]
M00672	Pathway modules	Biosynthesis of other secondary metabolites	beta-Lactam biosynthesis	 Penicillin biosynthesis, aminoadipate + cycteine + valine => penicillin [PATH:map00311 map01100 map01130]
M00673	Pathway modules	Biosynthesis of other secondary metabolites	beta-Lactam biosynthesis	 Cephamycin C biosynthesis, aminoadipate + cycteine + valine => cephamycin C [PATH:map00311 map01130]
M00675	Pathway modules	Biosynthesis of other secondary metabolites	beta-Lactam biosynthesis	 Carbapenem-3-carboxylate biosynthesis, pyrroline-5-carboxylate + malonyl-CoA => carbapenem-3-carboxylate [PATH:map00332 map01100 map01130]
M00736	Pathway modules	Biosynthesis of other secondary metabolites	beta-Lactam biosynthesis	 Nocardicin A biosynthesis, L-pHPG + arginine + serine => nocardicin A [PATH:map00261 map01100 map01130]
M00674	Pathway modules	Biosynthesis of other secondary metabolites	beta-Lactam biosynthesis	 Clavaminate biosynthesis, arginine + glyceraldehyde-3P => clavaminate [PATH:map00331 map01100 map01130]
M00039	Pathway modules	Biosynthesis of other secondary metabolites	Biosynthesis of other secondary metabolites	 Monolignol biosynthesis, phenylalanine/tyrosine => monolignol [PATH:map00940 map01100 map01110]
M00137	Pathway modules	Biosynthesis of other secondary metabolites	Biosynthesis of other secondary metabolites	 Flavanone biosynthesis, phenylalanine => naringenin [PATH:map00940 map00941 map01100 map01110]
M00138	Pathway modules	Biosynthesis of other secondary metabolites	Biosynthesis of other secondary metabolites	 Flavonoid biosynthesis, naringenin => pelargonidin [PATH:map00941 map01100 map01110]
M00661	Pathway modules	Biosynthesis of other secondary metabolites	Biosynthesis of other secondary metabolites	 Paspaline biosynthesis, geranylgeranyl-PP + indoleglycerol phosphate => paspaline [PATH:map00403 map01100 map01110]
M00370	Pathway modules	Biosynthesis of other secondary metabolites	Biosynthesis of other secondary metabolites	 Glucosinolate biosynthesis, tryptophan => glucobrassicin [PATH:map00380 map00966 map01210 map01100 map01110]
M00814	Pathway modules	Biosynthesis of other secondary metabolites	Biosynthesis of other secondary metabolites	 Acarbose biosynthesis, sedoheptulopyranose-7P => acarbose [PATH:map00525 map01100 map01130]
M00815	Pathway modules	Biosynthesis of other secondary metabolites	Biosynthesis of other secondary metabolites	 Validamycin A biosynthesis, sedoheptulopyranose-7P => validamycin A [PATH:map00525 map01100 map01130]
M00786	Pathway modules	Biosynthesis of other secondary metabolites	Biosynthesis of other secondary metabolites	 Fumitremorgin alkaloid biosynthesis, tryptophan + proline => fumitremorgin C/A [PATH:map00404 map01100 map01130]
M00789	Pathway modules	Biosynthesis of other secondary metabolites	Biosynthesis of other secondary metabolites	 Rebeccamycin biosynthesis, tryptophan => rebeccamycin [PATH:map00404 map01100 map01130]
M00790	Pathway modules	Biosynthesis of other secondary metabolites	Biosynthesis of other secondary metabolites	 Pyrrolnitrin biosynthesis, tryptophan => pyrrolnitrin [PATH:map00404 map01100 map01130]
M00805	Pathway modules	Biosynthesis of other secondary metabolites	Biosynthesis of other secondary metabolites	 Staurosporine biosynthesis, tryptophan => staurosporine [PATH:map00404 map01100 map01130]
M00808	Pathway modules	Biosynthesis of other secondary metabolites	Biosynthesis of other secondary metabolites	 Violacein biosynthesis, tryptophan => violacein [PATH:map00404 map01100 map01130]
M00835	Pathway modules	Biosynthesis of other secondary metabolites	Biosynthesis of other secondary metabolites	 Pyocyanine biosynthesis, chorismate => pyocyanine [PATH:map00405 map01100 map01130]
M00837	Pathway modules	Biosynthesis of other secondary metabolites	Biosynthesis of other secondary metabolites	 Prodigiosin biosynthesis, L-proline => prodigiosin [PATH:map00333 map01100 map01130]
M00838	Pathway modules	Biosynthesis of other secondary metabolites	Biosynthesis of other secondary metabolites	 Undecylprodigiosin biosynthesis, L-proline => undecylprodigiosin [PATH:map00333 map01100 map01130]
M00877	Pathway modules	Biosynthesis of other secondary metabolites	Biosynthesis of other secondary metabolites	 Kanosamine biosynthesis glucose 6-phosphate => kanosamine [PATH:map00998 map01100]
M00785	Pathway modules	Biosynthesis of other secondary metabolites	Biosynthesis of other secondary metabolites	 Cycloserine biosynthesis, arginine/serine => cycloserine [PATH:map00997 map01100 map01130]
M00787	Pathway modules	Biosynthesis of other secondary metabolites	Biosynthesis of other secondary metabolites	 Bacilysin biosynthesis, prephenate => bacilysin [PATH:map00998 map01100 map01130]
M00848	Pathway modules	Biosynthesis of other secondary metabolites	Biosynthesis of other secondary metabolites	 Aurachin biosynthesis, anthranilate => aurachin A [PATH:map00998 map01100 map01130]
M00788	Pathway modules	Biosynthesis of other secondary metabolites	Biosynthesis of other secondary metabolites	 Terpentecin biosynthesis, GGAP => terpentecin [PATH:map00999 map01100 map01130]
M00819	Pathway modules	Biosynthesis of other secondary metabolites	Biosynthesis of other secondary metabolites	 Pentalenolactone biosynthesis, farnesyl-PP => pentalenolactone [PATH:map00999 map01100 map01130]
M00876	Pathway modules	Biosynthesis of other secondary metabolites	Biosynthesis of other secondary metabolites	 Staphyloferrin A biosynthesis, L-ornithine => staphyloferrin A [PATH:map00997 map01100]
M00875	Pathway modules	Biosynthesis of other secondary metabolites	Biosynthesis of other secondary metabolites	 Staphyloferrin B biosynthesis, L-serine => staphyloferrin B [PATH:map00997 map01100]
M00538	Pathway modules	Xenobiotics biodegradation	Aromatics degradation	 Toluene degradation, toluene => benzoate [PATH:map00623 map01220 map01100 map01120]
M00537	Pathway modules	Xenobiotics biodegradation	Aromatics degradation	 Xylene degradation, xylene => methylbenzoate [PATH:map00622 map01220 map01100 map01120]
M00419	Pathway modules	Xenobiotics biodegradation	Aromatics degradation	 Cymene degradation, p-cymene => p-cumate [PATH:map00622 map01220 map01100 map01120]
M00547	Pathway modules	Xenobiotics biodegradation	Aromatics degradation	 Benzene/toluene degradation, benzene => catechol / toluene => 3-methylcatechol [PATH:map00361 map00362 map00623 map01220 map01100 map01120]
M00548	Pathway modules	Xenobiotics biodegradation	Aromatics degradation	 Benzene degradation, benzene => catechol [PATH:map00361 map00362 map01220 map01100 map01120]
M00551	Pathway modules	Xenobiotics biodegradation	Aromatics degradation	 Benzoate degradation, benzoate => catechol / methylbenzoate => methylcatechol [PATH:map00362 map00622 map01220 map01100 map01120]
M00637	Pathway modules	Xenobiotics biodegradation	Aromatics degradation	 Anthranilate degradation, anthranilate => catechol [PATH:map00627 map01100 map01120]
M00568	Pathway modules	Xenobiotics biodegradation	Aromatics degradation	 Catechol ortho-cleavage, catechol => 3-oxoadipate [PATH:map00362 map01220 map01100 map01120]
M00569	Pathway modules	Xenobiotics biodegradation	Aromatics degradation	 Catechol meta-cleavage, catechol => acetyl-CoA / 4-methylcatechol => propanoyl-CoA [PATH:map00362 map00622 map01220 map01100 map01120]
M00539	Pathway modules	Xenobiotics biodegradation	Aromatics degradation	 Cumate degradation, p-cumate => 2-oxopent-4-enoate + 2-methylpropanoate [PATH:map00622 map01220 map01100 map01120]
M00543	Pathway modules	Xenobiotics biodegradation	Aromatics degradation	 Biphenyl degradation, biphenyl => 2-oxopent-4-enoate + benzoate [PATH:map00621 map01220 map01100 map01120]
M00544	Pathway modules	Xenobiotics biodegradation	Aromatics degradation	 Carbazole degradation, carbazole => 2-oxopent-4-enoate + anthranilate [PATH:map00621 map01220 map01100 map01120]
M00418	Pathway modules	Xenobiotics biodegradation	Aromatics degradation	 Toluene degradation, anaerobic, toluene => benzoyl-CoA [PATH:map00623 map01220 map01100 map01120]
M00541	Pathway modules	Xenobiotics biodegradation	Aromatics degradation	 Benzoyl-CoA degradation, benzoyl-CoA => 3-hydroxypimeloyl-CoA [PATH:map00362 map01220 map01100 map01120]
M00540	Pathway modules	Xenobiotics biodegradation	Aromatics degradation	 Benzoate degradation, cyclohexanecarboxylic acid =>pimeloyl-CoA [PATH:map00362 map01220 map01100 map01120]
M00534	Pathway modules	Xenobiotics biodegradation	Aromatics degradation	 Naphthalene degradation, naphthalene => salicylate [PATH:map00626 map01220 map01100 map01120]
M00638	Pathway modules	Xenobiotics biodegradation	Aromatics degradation	 Salicylate degradation, salicylate => gentisate [PATH:map00626 map01100 map01120]
M00624	Pathway modules	Xenobiotics biodegradation	Aromatics degradation	 Terephthalate degradation, terephthalate => 3,4-dihydroxybenzoate [PATH:map00624 map01220 map01100 map01120]
M00623	Pathway modules	Xenobiotics biodegradation	Aromatics degradation	 Phthalate degradation, phthalate => protocatechuate [PATH:map00624 map01220 map01100 map01120]
M00636	Pathway modules	Xenobiotics biodegradation	Aromatics degradation	 Phthalate degradation, phthalate => protocatechuate [PATH:map00624 map01220 map01100 map01120]
M00878	Pathway modules	Xenobiotics biodegradation	Aromatics degradation	 Phenylacetate degradation, phenylaxetate => acetyl-CoA/succinyl-CoA [PATH:map00360 map01100]
M00852	Signature modules	Gene set	Pathogenicity	 Vibrio cholerae pathogenicity signature, toxin coregulated pilus [PATH:map05110 map05111] [BR:ko02044]
M00850	Signature modules	Gene set	Pathogenicity	 Vibrio cholerae pathogenicity signature, cholera toxins [PATH:map05110]
M00542	Signature modules	Gene set	Pathogenicity	 EHEC/EPEC pathogenicity signature, T3SS and effectors [PATH:map05130]
M00363	Signature modules	Gene set	Pathogenicity	 EHEC pathogenicity signature, Shiga toxin [PATH:map05130 map05131]
M00853	Signature modules	Gene set	Pathogenicity	 ETEC pathogenicity signature, colonization factors
M00576	Signature modules	Gene set	Pathogenicity	 ETEC pathogenicity signature, heat-labile and heat-stable enterotoxins
M00856	Signature modules	Gene set	Pathogenicity	 Salmonella enterica pathogenicity signature, typhoid toxin
M00857	Signature modules	Gene set	Pathogenicity	 Salmonella enterica pathogenicity signature, Vi antigen
M00575	Signature modules	Gene set	Pathogenicity	 Pertussis pathogenicity signature, T1SS [PATH:map05133]
M00574	Signature modules	Gene set	Pathogenicity	 Pertussis pathogenicity signature, pertussis toxin [PATH:map05133]
M00564	Signature modules	Gene set	Pathogenicity	 Helicobacter pylori pathogenicity signature, cagA pathogenicity island [PATH:map05120]
M00859	Signature modules	Gene set	Pathogenicity	 Bacillus anthracis pathogenicity signature, anthrax toxin
M00860	Signature modules	Gene set	Pathogenicity	 Bacillus anthracis pathogenicity signature, polyglutamic acid capsule biosynthesis
M00851	Signature modules	Gene set	Drug resistance	 Carbapenem resistance [PATH:map01501]
M00625	Signature modules	Gene set	Drug resistance	 Methicillin resistance [PATH:map01501]
M00627	Signature modules	Gene set	Drug resistance	 beta-Lactam resistance, Bla system [PATH:map01501]
M00745	Signature modules	Gene set	Drug resistance	 Imipenem resistance, repression of porin OprD
M00651	Signature modules	Gene set	Drug resistance	 Vancomycin resistance, D-Ala-D-Lac type [PATH:map01502 map02020]
M00652	Signature modules	Gene set	Drug resistance	 Vancomycin resistance, D-Ala-D-Ser type [PATH:map01502 map02020]
M00704	Signature modules	Gene set	Drug resistance	 Tetracycline resistance, efflux pump Tet38
M00725	Signature modules	Gene set	Drug resistance	 Cationic antimicrobial peptide (CAMP) resistance, dltABCD operon [PATH:map01503]
M00726	Signature modules	Gene set	Drug resistance	 Cationic antimicrobial peptide (CAMP) resistance, lysyl-phosphatidylglycerol (L-PG) synthase MprF [PATH:map01503]
M00730	Signature modules	Gene set	Drug resistance	 Cationic antimicrobial peptide (CAMP) resistance, VraFG transporter [PATH:map01503]
M00744	Signature modules	Gene set	Drug resistance	 Cationic antimicrobial peptide (CAMP) resistance, protease PgtE
M00718	Signature modules	Gene set	Drug resistance	 Multidrug resistance, efflux pump MexAB-OprM
M00639	Signature modules	Gene set	Drug resistance	 Multidrug resistance, efflux pump MexCD-OprJ
M00641	Signature modules	Gene set	Drug resistance	 Multidrug resistance, efflux pump MexEF-OprN
M00642	Signature modules	Gene set	Drug resistance	 Multidrug resistance, efflux pump MexJK-OprM
M00643	Signature modules	Gene set	Drug resistance	 Multidrug resistance, efflux pump MexXY-OprM
M00769	Signature modules	Gene set	Drug resistance	 Multidrug resistance, efflux pump MexPQ-OpmE
M00649	Signature modules	Gene set	Drug resistance	 Multidrug resistance, efflux pump AdeABC [PATH:map01501]
M00696	Signature modules	Gene set	Drug resistance	 Multidrug resistance, efflux pump AcrEF-TolC
M00697	Signature modules	Gene set	Drug resistance	 Multidrug resistance, efflux pump MdtEF-TolC
M00698	Signature modules	Gene set	Drug resistance	 Multidrug resistance, efflux pump BpeEF-OprC
M00700	Signature modules	Gene set	Drug resistance	 Multidrug resistance, efflux pump AbcA
M00702	Signature modules	Gene set	Drug resistance	 Multidrug resistance, efflux pump NorB
M00714	Signature modules	Gene set	Drug resistance	 Multidrug resistance, efflux pump QacA
M00705	Signature modules	Gene set	Drug resistance	 Multidrug resistance, efflux pump MepA
M00746	Signature modules	Gene set	Drug resistance	 Multidrug resistance, repression of porin OmpF
M00660	Signature modules	Gene set	Plant pathogenicity	 Xanthomonas spp. pathogenicity signature, T3SS and effectors
M00664	Signature modules	Gene set	Symbiosis	 Nodulation
M00611	Signature modules	Module set	Metabolic capacity	 Oxygenic photosynthesis in plants and cyanobacteria
M00612	Signature modules	Module set	Metabolic capacity	 Anoxygenic photosynthesis in purple bacteria
M00613	Signature modules	Module set	Metabolic capacity	 Anoxygenic photosynthesis in green nonsulfur bacteria
M00614	Signature modules	Module set	Metabolic capacity	 Anoxygenic photosynthesis in green sulfur bacteria
M00617	Signature modules	Module set	Metabolic capacity	 Methanogen
M00618	Signature modules	Module set	Metabolic capacity	 Acetogen
M00615	Signature modules	Module set	Metabolic capacity	 Nitrate assimilation
M00616	Signature modules	Module set	Metabolic capacity	 Sulfate-sulfur assimilation
